sequence,sample_id,variant_id,label,variation_group,changed_parameter,range,interval,period1,period2,include_prepost,events,http_status,parse_status,result_classification,expected_top_level_found,chart_error_present,chart_error_code,chart_result_count,timestamp_count,first_timestamp,last_timestamp,timestamp_sequence_sha256,quote_bar_count,adjclose_count,null_indicator_value_count,meta_field_count,meta_keys_sha256,indicator_field_count,indicator_keys_sha256,event_type_count,event_count,event_identity_sha256,trading_period_group_count,trading_period_count,returned_range,returned_data_granularity,returned_exchange_name,returned_instrument_type,returned_currency,returned_timezone,response_bytes,elapsed_ms,attempt_count,auth_refresh_performed,raw_response_sha256,canonical_json_sha256,request_parameters_sha256,raw_response_file,metadata_file
1,2026-07-30T19-45-22.392Z_study-05-chart-parameter-variation_000001_chart_baseline-5d-1d,baseline-5d-1d,"Baseline: 5d range, 1d interval",baseline,none,5d,1d,,,false,"div,splits,capitalGains",200,VALID_JSON,EXPECTED_TOP_LEVEL_PRESENT,True,False,,1,5,1784899800,1785418200,4e0c6c94e560889f050ebfd6b1d1f6bb2deca8b6ed3fb79f697a5ca80864bd9e,5,5,0,25,58db967334f1e9c4c80a6fd6d33d338457dbc721ed2a25ee39119feb4ebaa3c3,6,7ffa56f705207c63e565bcda8abd36ac9ee930f77c22aad1474700c7caa293d3,0,0,4f53cda18c2baa0c0354bb5f9a3ecbe5ed12ab4d8e11ba873c2f11161202b945,3,3,5d,1d,NMS,EQUITY,USD,America/New_York,1634,181,1,False,f0db9690b571691896c01a9b050c4e9a5685be9f000e275db17adfdc85b01df7,51ed404475a1ae7fa0c593811866f15e3a7d0471e72e803948cd1619dec57497,1eec7cd9b397c5ae6be2826f42f32f5b9a60b4a9f38f75ed0ba773badb8e7d96,raw/chart/baseline-5d-1d.raw.json,metadata/chart/baseline-5d-1d.meta.json
2,2026-07-30T19-45-22.392Z_study-05-chart-parameter-variation_000002_chart_events-omitted,events-omitted,Omit events parameter,events,events omitted,5d,1d,,,false,,200,VALID_JSON,EXPECTED_TOP_LEVEL_PRESENT,True,False,,1,5,1784899800,1785418200,4e0c6c94e560889f050ebfd6b1d1f6bb2deca8b6ed3fb79f697a5ca80864bd9e,5,5,0,25,58db967334f1e9c4c80a6fd6d33d338457dbc721ed2a25ee39119feb4ebaa3c3,6,7ffa56f705207c63e565bcda8abd36ac9ee930f77c22aad1474700c7caa293d3,0,0,4f53cda18c2baa0c0354bb5f9a3ecbe5ed12ab4d8e11ba873c2f11161202b945,3,3,5d,1d,NMS,EQUITY,USD,America/New_York,1634,162,1,False,fc1865b84768fc9d943ef659cccd1d685c0831db3faa1dda5534eb593d8780b9,bedde0729c936ee331e0fe6a9569c135b744e5554f6590957123412b2551b59d,a9d2f19d8a23fce21ffc73b826f5448260809374d48286a5135417e3e399cf51,raw/chart/events-omitted.raw.json,metadata/chart/events-omitted.meta.json
3,2026-07-30T19-45-22.392Z_study-05-chart-parameter-variation_000003_chart_events-div-only,events-div-only,Request dividend events only,events,events,5d,1d,,,false,div,200,VALID_JSON,EXPECTED_TOP_LEVEL_PRESENT,True,False,,1,5,1784899800,1785418200,4e0c6c94e560889f050ebfd6b1d1f6bb2deca8b6ed3fb79f697a5ca80864bd9e,5,5,0,25,58db967334f1e9c4c80a6fd6d33d338457dbc721ed2a25ee39119feb4ebaa3c3,6,7ffa56f705207c63e565bcda8abd36ac9ee930f77c22aad1474700c7caa293d3,0,0,4f53cda18c2baa0c0354bb5f9a3ecbe5ed12ab4d8e11ba873c2f11161202b945,3,3,5d,1d,NMS,EQUITY,USD,America/New_York,1634,153,1,False,0d3ebe9f572c8754ffb325ad8cb2bfb0f8ad2c1e21cd02718daef4a2a22eaa26,bedde0729c936ee331e0fe6a9569c135b744e5554f6590957123412b2551b59d,cac1ae9ee6b35ff3b631fac256965d502ff3fd6101d5b4715dae421041bc7433,raw/chart/events-div-only.raw.json,metadata/chart/events-div-only.meta.json
4,2026-07-30T19-45-22.392Z_study-05-chart-parameter-variation_000004_chart_range-1mo-1d,range-1mo-1d,Extend range to one month,range,range,1mo,1d,,,false,"div,splits,capitalGains",200,VALID_JSON,EXPECTED_TOP_LEVEL_PRESENT,True,False,,1,22,1782826200,1785418200,335ed8f6eb84fa61d0eda3c38b23aa74fb314b086eab15e552abd15cc949918b,22,22,0,25,58db967334f1e9c4c80a6fd6d33d338457dbc721ed2a25ee39119feb4ebaa3c3,6,7ffa56f705207c63e565bcda8abd36ac9ee930f77c22aad1474700c7caa293d3,0,0,4f53cda18c2baa0c0354bb5f9a3ecbe5ed12ab4d8e11ba873c2f11161202b945,3,3,1mo,1d,NMS,EQUITY,USD,America/New_York,3452,183,1,False,d8f51dfa64add0bb517460c91ef105634bb47799c778f9ac8b5c6fc7e745a3bc,68cb348a7f967e1da8aed9fba2b6d4139ef73f67ee0b939900d95973b4b7ad23,7b6f8b44e15f995a7d0fec1ed6a5fd3cc613bdf56654afc8a5d3fb33008603e2,raw/chart/range-1mo-1d.raw.json,metadata/chart/range-1mo-1d.meta.json
5,2026-07-30T19-45-22.392Z_study-05-chart-parameter-variation_000005_chart_interval-1h-5d,interval-1h-5d,Change interval to one hour,interval,interval,5d,1h,,,false,"div,splits,capitalGains",200,VALID_JSON,EXPECTED_TOP_LEVEL_PRESENT,True,False,,1,36,1784899800,1785440722,89b5c88c4e85b8db2ebdde7f7fa0ca83e1b35e4176fe37ba2347a7248f0c96ff,36,0,0,28,569cb36e2f871a68d459812deb9b9439d3967f7a47da93bf92a3039e70b41a68,5,8d9fd19295a0ca5f624c3f18f71120142bafb6e3508f90641049f5239f4ac40b,0,0,4f53cda18c2baa0c0354bb5f9a3ecbe5ed12ab4d8e11ba873c2f11161202b945,3,3,5d,1h,NMS,EQUITY,USD,America/New_York,4727,122,1,False,ceba76ce9bcec5704a9ae13d1747d1aa17b1c71d8f4ea763d6903bf5e3946ebc,671e7ccaea305df7e7c0ac50998f1db5210c2fd65723a265d32b48a097d2c9fa,1f50e38da6ac3e6a982feb92ed52d311aa4db87cf79c23074b4845680c3015f2,raw/chart/interval-1h-5d.raw.json,metadata/chart/interval-1h-5d.meta.json
6,2026-07-30T19-45-22.392Z_study-05-chart-parameter-variation_000006_chart_interval-5m-5d,interval-5m-5d,Change interval to five minutes,interval,interval,5d,5m,,,false,"div,splits,capitalGains",200,VALID_JSON,EXPECTED_TOP_LEVEL_PRESENT,True,False,,1,389,1784899800,1785440723,0ac4c556567c55da85b49680c1c88b8ff7161373336dbce3adb1c788995f76af,389,0,5,28,569cb36e2f871a68d459812deb9b9439d3967f7a47da93bf92a3039e70b41a68,5,8d9fd19295a0ca5f624c3f18f71120142bafb6e3508f90641049f5239f4ac40b,0,0,4f53cda18c2baa0c0354bb5f9a3ecbe5ed12ab4d8e11ba873c2f11161202b945,3,3,5d,5m,NMS,EQUITY,USD,America/New_York,35976,161,1,False,4705442ae5dd962276e293bb5c4279146997fa9627548387ebd245aed15342b2,feb27d408f333f3b45f45d59f4642f72aeebe9ceb05c3affd0f036c905aa258d,7a65da50d09ac909ffc2468c5909ddd48f6d409bed0f3256b984e29d8f3abda6,raw/chart/interval-5m-5d.raw.json,metadata/chart/interval-5m-5d.meta.json
7,2026-07-30T19-45-22.392Z_study-05-chart-parameter-variation_000007_chart_include-prepost-true-5m,include-prepost-true-5m,Include pre/post bars at five-minute interval,includePrePost,includePrePost,5d,5m,,,true,"div,splits,capitalGains",200,VALID_JSON,EXPECTED_TOP_LEVEL_PRESENT,True,False,,1,911,1784880000,1785440722,790bee9d60fa8b527902e9d0081db65f33a4f62710ad5536c075e91385d42c7c,911,0,5,28,569cb36e2f871a68d459812deb9b9439d3967f7a47da93bf92a3039e70b41a68,5,8d9fd19295a0ca5f624c3f18f71120142bafb6e3508f90641049f5239f4ac40b,0,0,4f53cda18c2baa0c0354bb5f9a3ecbe5ed12ab4d8e11ba873c2f11161202b945,3,3,5d,5m,NMS,EQUITY,USD,America/New_York,58935,185,1,False,3643e625641254f965b47c39b1e127aa59375bdef0347c71f00197d0e160b27c,f6484e3577c7f53d6e6130639b215fe9af6258610dc24eb4c2c44fff5bc5231d,82996882f8caa4c8ce884d2704ecea2b8fd7799d78935930a62e46fdf4cd0832,raw/chart/include-prepost-true-5m.raw.json,metadata/chart/include-prepost-true-5m.meta.json
8,2026-07-30T19-45-22.392Z_study-05-chart-parameter-variation_000008_chart_interval-1m-5d,interval-1m-5d,Change interval to one minute,interval,interval,5d,1m,,,false,"div,splits,capitalGains",200,VALID_JSON,EXPECTED_TOP_LEVEL_PRESENT,True,False,,1,1937,1784899800,1785440723,07001efb3771c487cfc34320395013fba1304e77f7ca21b38d8214f6ce05553e,1937,0,5,28,569cb36e2f871a68d459812deb9b9439d3967f7a47da93bf92a3039e70b41a68,5,8d9fd19295a0ca5f624c3f18f71120142bafb6e3508f90641049f5239f4ac40b,0,0,4f53cda18c2baa0c0354bb5f9a3ecbe5ed12ab4d8e11ba873c2f11161202b945,3,3,5d,1m,NMS,EQUITY,USD,America/New_York,172161,241,1,False,ad8422128057c07864766029a623371cc2e7bad13dc5e411b25477205d7229d3,bc321969b496cab29f449070e8694b34fc8832bb2a5f45f2e7fccc9abd99d2fa,dde4dcb17d7e2834ae2ce966db9ccc1be54a606de72c848118b1bafb60cadca0,raw/chart/interval-1m-5d.raw.json,metadata/chart/interval-1m-5d.meta.json
9,2026-07-30T19-45-22.392Z_study-05-chart-parameter-variation_000009_chart_explicit-period-5d-1d,explicit-period-5d-1d,Use explicit five-day period,request selector,range replaced by period1/period2,,1d,1785008722,1785440722,false,"div,splits,capitalGains",200,VALID_JSON,EXPECTED_TOP_LEVEL_PRESENT,True,False,,1,4,1785159000,1785418200,3694300a79728aa810fa30585354e971a9f31dfae9436f9537350a7b525be364,4,4,0,25,58db967334f1e9c4c80a6fd6d33d338457dbc721ed2a25ee39119feb4ebaa3c3,6,7ffa56f705207c63e565bcda8abd36ac9ee930f77c22aad1474700c7caa293d3,0,0,4f53cda18c2baa0c0354bb5f9a3ecbe5ed12ab4d8e11ba873c2f11161202b945,3,3,,1d,NMS,EQUITY,USD,America/New_York,1520,175,1,False,0067999e975de64271f1c6d8106efef171056308302d6d2d7ee761f5aeeb45ef,14771b238d4c46411987fd04d8e42b7f5616448923b443f818bd2f17c250568f,1b99edfd8af773bbaaa1bd527278799d60002fadb3117b257df146b0cc615858,raw/chart/explicit-period-5d-1d.raw.json,metadata/chart/explicit-period-5d-1d.meta.json
